id,title,publisher,url,category,status,accessed
dd-problem,DrivenData #306 DOE GEMS - Problem description,DrivenData (competition host),https://www.drivendata.org/competitions/306/competition-doe-gems/page/967/,competition,"read-in-full (agent, one-off human-style read before the no-automation decision)",2026-10-02
dd-about,DrivenData #306 - About,DrivenData,https://www.drivendata.org/competitions/306/competition-doe-gems/page/968/,competition,"read-in-full (agent, one-off)",2026-10-02
dd-terms,DrivenData Terms of Use,DrivenData,https://www.drivendata.org/termsofuse/,compliance,quotes verified,2026-10-02
rules,"Official Rules (NLR/DOE), Sept 2026",NLR / U.S. DOE (docs.nlr.gov),https://docs.nlr.gov/docs/fy26osti/96647.pdf,competition,read-in-full (all 7 chunks 0-6 verified line-by-line),2026-10-02
berkowitz,"Berkowitz, Bour, Davy & Odling (2000) Scaling of fracture connectivity in geological formations. GRL 27(14), 2061-2064",AGU / Wiley,https://agupubs.onlinelibrary.wiley.com/doi/10.1029/1999GL011241,literature,Publisher abstract rechecked this session; full text read previously via a ResearchGate copy.,2026-10-03
faulds-hinz-2015,"Faulds & Hinz (2015) Favorable tectonic and structural settings of geothermal systems in the Great Basin Region, Western USA. Proc. World Geothermal Congress",OSTI / NBMG,https://www.osti.gov/servlets/purl/1724082,literature,Full OSTI-hosted paper fetched/read via page service; abstract and reported Great Basin setting frequencies rechecked this session.,2026-10-03
biasi-wesnousky-2016,"Biasi & Wesnousky (2016) Steps and gaps in ground ruptures: empirical bounds on rupture propagation. BSSA 106, 1110-1124",Seismological Society of America,https://www.researchgate.net/publication/303511063_Steps_and_Gaps_in_Ground_Ruptures_Empirical_Bounds_on_Rupture_Propagation,literature,secondary quote only (article text on ResearchGate; primary paper by Wesnousky 2006 not read),2026-10-02
siler-2022,Siler (2022) Shapefile for slip tendency and dilation tendency calculated for Quaternary faults in the Great Basin,USGS ScienceBase data release,https://www.sciencebase.gov/catalog/item/6296974dd34ec53d276bb33d,candidate-external-data,listing verified (item page + JSON); files NOT downloaded (host unreachable from the sandbox),2026-10-02
geodawn,Glen & Earney (2024) GeoDAWN airborne geophysics (USGS EarthMRI),USGS ScienceBase,https://www.sciencebase.gov/catalog/item/657e1d85d34e23d3533209f7,data,read and verified via ScienceBase JSON API (2026-10-02),2026-10-02
ingenious,Ayling et al. (2022) INGENIOUS Great Basin regional dataset compilation (GDR submission 1391),Geothermal Data Repository (OpenEI),https://gdr.openei.org/submissions/1391,data,GDR #1391 page fetched 2026-10-02; public CC BY 4.0 listing and named resources verified. Local vectors/points are owner-repository mirrors; this turn did not download or re-hash the GDR packages.,2026-10-02
nbmg-qfaults,NBMG Qfaults_INGENIOUS ArcGIS REST layer 0,Nevada Bureau of Mines and Geology,https://web2.nbmg.unr.edu/arcgis/rest/services/Qfaults/Qfaults_INGENIOUS/MapServer/0,data,"VERIFIED QUERYABLE and RESTORED LOCALLY in data_cache/qfaults_v2_in_footprint.json (1,179 in-footprint polylines, sha256 4d6efc7b..., matching 98.42% of labels.tif within 100 m and 99.97% within 200 m); layer metadata rechecked this session.",2026-10-03
sibling24,Owner's sibling repository GEMSDOE24 (pinned 07345ea),buffedlizard55-lab,https://github.com/buffedlizard55-lab/GEMSDOE24/tree/07345ea0604953d7efb858d9cfbc21e20c7aca0b,owner-repo,read and hash-verified,2026-10-02
hermant-2025,"Hermant, Kiersnowski & Bellanger (2025) Using Deep Learning to Map Quaternary Faults in Western USA. Proc. 50th Workshop on Geothermal Reservoir Engineering, Stanford University (SGP-TR-229)",Stanford Geothermal Program,https://pangea.stanford.edu/ERE/db/GeoConf/papers/SGW/2025/Hermant.pdf,literature,"full PDF fetched and read via the page-fetch service on 2026-10-02; Fig. 2 wording supports a local separation up to 400 m. It does not establish a general 150-400 m distribution, a 150 m lower bound, or the H27-10 100-300 m annulus.",2026-10-02
usgs-qfaults,USGS Quaternary Fault and Fold Database of the United States (interactive map; GIS download),U.S. Geological Survey (public domain),https://www.usgs.gov/programs/earthquake-hazards/faults,candidate-external-data,"page verified; direct zip VERIFIED OBTAINABLE from a GitHub runner on 2026-10-02 (HTTP 206, application/zip, zip magic PK, 32,371,696 bytes, Last-Modified 2026-02-23); not downloaded into this repo",2026-10-02
siler-companions,Companion USGS data releases for the Great Basin (Glen et al. 2022 geophysics; Peacock & Bedrosian 2022 MT conductance; DeAngelo et al. 2022 heat flow),USGS ScienceBase,https://www.sciencebase.gov/catalog/item/6296974dd34ec53d276bb33d,candidate-external-data,"ScienceBase JSON metadata read and verified on 2026-10-02 for all three companion items (628d4fabd34ef70cdba3c4a4, 62979746d34ec53d276c113b, 6297d2fad34ec53d276c5b28)",2026-10-02
dd-ref-solution,DrivenData GEMS Prize Reference Solution repository (drivendataorg/gems-prize-reference-solution),DrivenData (GitHub),https://github.com/drivendataorg/gems-prize-reference-solution,competition,inspected and verified via GitHub API on 2026-10-02,2026-10-02
sibling-gemsdoe25-leaderboard-snapshot,GEMSDOE25 registry/live_scores.json - leaderboard snapshot rows 1-50 (owner-directed page read),buffedlizard55-lab/GEMSDOE25 (owner repository; secondary quote of a DrivenData page),https://github.com/buffedlizard55-lab/GEMSDOE25/blob/main/registry/live_scores.json,owner repository (secondary),secondary quote only - the underlying drivendata.org page was NOT fetched by this agent (AGENTS.md hard rule); copied verbatim through the GitHub API,2026-10-02
usgs-3dep-1m,"USGS 3D Elevation Program (3DEP), 1-meter DEM downloadable data collection",U.S. Geological Survey,https://data.usgs.gov/datacatalog/data/USGS:77ae0551-c61e-4979-aedd-d797abdcde0e,candidate-data-and-provenance,official catalog page read 2026-10-02; public-domain description and 1-m bare-earth DEM coverage verified; tile binary not retrieved from this sandbox,2026-10-02
gdr-paleo-geothermal,"GDR 1391 - paleo-geothermal regional features (sinter, tufa, travertine, hydrothermally altered bedrock)","DOE Geothermal Data Repository, submission 1391 (INGENIOUS / Energy & Geoscience Institute, University of Utah); DOI 10.15121/1881483",https://gdr.openei.org/files/1391/paleo_geothermal_regional.zip,external layer (not yet used by any detector here),"Hash-pinned; raw bytes NOT downloaded or re-hashed in this checkout. The sibling 16GEMSDOE runner record reports ok:true on 2026-09-30 for the stated pin. This checkout's reviewed run set through branch head a58e74d: GitHub Actions runs 37099986237, 37100053264, 37100608786, 37100751573, 37100935082, and 37101134684 all concluded failure with zero jobs and no downloadable logs; no fetch, hash check, clip, or inventory artifact was produced. Cause is unknown; this is not evidence that the source is unavailable.",pin read 2026-10-02; file not accessed from this sandbox
gdr-2m-temperature-probes,GDR 1391 - INGENIOUS 2 m temperature-probe regional data,"DOE Geothermal Data Repository, submission 1391; DOI 10.15121/1881483",https://gdr.openei.org/files/1391/2m_temperature_probe_INGENIOUS_regional_data.zip,external layer (not yet used by any detector here),"Hash-pinned; raw bytes NOT downloaded or re-hashed in this checkout. The sibling 16GEMSDOE runner record reports ok:true on 2026-09-30 for the stated pin. This checkout's reviewed run set through branch head a58e74d: GitHub Actions runs 37099986237, 37100053264, 37100608786, 37100751573, 37100935082, and 37101134684 all concluded failure with zero jobs and no downloadable logs; no fetch, hash check, clip, or inventory artifact was produced. Cause is unknown; this is not evidence that the source is unavailable.",pin read 2026-10-02; file not accessed from this sandbox
gdr-great-basin-q-volcanics,GDR 1391 - Great Basin Quaternary volcanics (polygons),"DOE Geothermal Data Repository, submission 1391; DOI 10.15121/1881483",https://gdr.openei.org/files/1391/great_basin_q_volcanics.zip,external layer (not yet used by any detector here),"Hash-pinned; raw bytes NOT downloaded or re-hashed in this checkout. The sibling 16GEMSDOE runner record reports ok:true on 2026-09-30 for the stated pin. This checkout's reviewed run set through branch head a58e74d: GitHub Actions runs 37099986237, 37100053264, 37100608786, 37100751573, 37100935082, and 37101134684 all concluded failure with zero jobs and no downloadable logs; no fetch, hash check, clip, or inventory artifact was produced. Cause is unknown; this is not evidence that the source is unavailable.",pin read 2026-10-02; file not accessed from this sandbox
sibling-external-verification,16GEMSDOE evidence/ci/external_verification.json - runner-verified provenance for GDR/USGS downloads and for labels.tif,"buffedlizard55-lab/16GEMSDOE (sibling repository, same owner)",https://github.com/buffedlizard55-lab/16GEMSDOE/blob/main/evidence/ci/external_verification.json,provenance record,read (fetched via gh api on 2026-10-02; recorded by a GitHub Actions runner on 2026-09-30),2026-10-02
